Links,Geography
https://www.mccenet.com.br/indice-de-faturamento-online,National
https://www.mccenet.com.br/indice-de-faturamento-online-centro,Mid-West
https://www.mccenet.com.br/indice-de-faturamento-online-nordes,Northeast
https://www.mccenet.com.br/indice-de-faturamento-online-norte,North
https://www.mccenet.com.br/indice-de-faturamento-online-sudest,Southeast
https://www.mccenet.com.br/indice-de-faturamento-online-sul,South
https://www.mccenet.com.br/indice-de-vendas-online,National
https://www.mccenet.com.br/indice-de-vendas-online-centro-oest,Mid-West
https://www.mccenet.com.br/indice-de-vendas-online-nordeste,Northeast
https://www.mccenet.com.br/indice-de-vendas-online-norte,North
https://www.mccenet.com.br/indice-de-vendas-online-sudeste,Southeast
https://www.mccenet.com.br/indice-de-vendas-online-sul,South
https://www.mccenet.com.br/indice-de-tiquete-medio-online,National
https://www.mccenet.com.br/indice-de-tiquete-medio-online-cent,Mid-West
https://www.mccenet.com.br/indice-de-tiquete-medio-online-nord,Northeast
https://www.mccenet.com.br/indice-de-tiquete-medio-online-nort,North
https://www.mccenet.com.br/indice-de-tiquete-medio-online-sude,Southeast
https://www.mccenet.com.br/indice-de-tiquete-medio-online-sul,South
